{
  "seed": 42,
  "train_time_seconds": 3.477315582000301,
  "peak_train_vram_mb": 6315.30419921875
}