{
  "seed": 777,
  "train_time_seconds": 1188.5032445819961,
  "peak_train_vram_mb": 6827.89990234375
}