{
  "seed": 123,
  "train_time_seconds": 87.70932011599507,
  "peak_train_vram_mb": 4724.7392578125
}