{
  "seed": 777,
  "train_time_seconds": 88.96267508000165,
  "peak_train_vram_mb": 4724.7392578125
}