{
  "seed": 42,
  "train_time_seconds": 1239.8032321780047,
  "peak_train_vram_mb": 6827.89990234375
}