{
  "S2+R_vs_S1": {
    "Q_main": 0.026456395666921928,
    "S_det": 0.04658605974395447,
    "S_asst": -0.02051282051282055
  },
  "S3+R_vs_S1": {
    "Q_main": 0.024577269577269578,
    "S_det": -0.0022522522522522292,
    "S_asst": 0.0871794871794872
  },
  "S7_vs_S1": {
    "Q_main": 0.06202427123479748,
    "S_det": 0.07761709077498558,
    "S_asst": 0.02564102564102555
  },
  "S2+R_vs_S3+R": {
    "Q_main": 0.0018791260896523498,
    "S_det": 0.048838311996206696,
    "S_asst": -0.10769230769230775
  },
  "S7_vs_S2+R": {
    "Q_main": 0.03556787556787555,
    "S_det": 0.03103103103103111,
    "S_asst": 0.0461538461538461
  },
  "S7_vs_S3+R": {
    "Q_main": 0.0374470016575279,
    "S_det": 0.0798693430272378,
    "S_asst": -0.06153846153846165
  },
  "S2+R_vs_S2": {
    "Q_main": 0.4059054601159864,
    "S_det": 0.3776671408250355,
    "S_asst": 0.4717948717948718
  },
  "S3+R_vs_S3": {
    "Q_main": 0.48169785169785173,
    "S_det": 0.46396396396396394,
    "S_asst": 0.5230769230769231
  },
  "S3_vs_S3-legacy": {
    "Q_main": -0.024615384615384622,
    "S_det": 0.0,
    "S_asst": -0.08205128205128204
  },
  "S3+R_vs_S3-legacy": {
    "Q_main": 0.4570824670824671,
    "S_det": 0.46396396396396394,
    "S_asst": 0.44102564102564107
  }
}