{
  "S2+R_vs_S1": {
    "Q_main": 0.026456395666921928,
    "S_det": 0.04658605974395447,
    "S_asst": -0.02051282051282055
  },
  "S3+R_vs_S1": {
    "Q_main": 0.024577269577269578,
    "S_det": -0.0022522522522522292,
    "S_asst": 0.0871794871794872
  },
  "S2+R_vs_S3+R": {
    "Q_main": 0.0018791260896523498,
    "S_det": 0.048838311996206696,
    "S_asst": -0.10769230769230775
  },
  "S2+R_vs_S2": {
    "Q_main": 0.4059054601159864,
    "S_det": 0.3776671408250355,
    "S_asst": 0.4717948717948718
  },
  "S3+R_vs_S3": {
    "Q_main": 0.48169785169785173,
    "S_det": 0.46396396396396394,
    "S_asst": 0.5230769230769231
  },
  "S1_vs_S6": {
    "Q_main": 0.009002079002079055,
    "S_det": -0.013513513513513598,
    "S_asst": 0.06153846153846154
  }
}