{
  "peak_vram_mb": 4039.3037109375,
  "ttft_median_ms": 541.8495630001416,
  "ttft_p95_ms": 541.8495630001416,
  "latency_median_ms": 1604.4356159982271,
  "latency_p95_ms": 1604.4356159982271,
  "malformed_rate": 0.0
}