{
  "seed": 42,
  "train_time_seconds": 580.5989412179988,
  "peak_train_vram_mb": 6327.72265625
}