{
  "seed": 777,
  "train_time_seconds": 581.8878571410023,
  "peak_train_vram_mb": 6327.72265625
}