{
  "doc_index": 4,
  "doc_name": "doc4_bond_v_tr88house",
  "doc_id": "ad76dc7093851d116c8878802b815608adceed54f6b5195ae04ffec28ae25d32",
  "page_count": 23,
  "word_count": 10201,
  "char_count": 59822,
  "context_token_count": 14613,
  "chunk_count": 15,
  "used_chunk_fallback": true,
  "generation_seconds": 531.4442376220031,
  "peak_vram_mb": 2131.1123046875,
  "peak_rss_mb": 3705.0078125,
  "chunk_merge_mean_explained_variance": 0.989362916121116,
  "adapter_dir": "models/d2l/doc4",
  "adapter_file_size_bytes": 9592301,
  "tensor_count": 52
}