{
  "doc_index": 7,
  "doc_name": "doc7_ozias_v_obadiah",
  "doc_id": "5d3df6d69fac3ef91e13ac835b43a35e9e434fbc7e72ea5c01e288d69b66e6a2",
  "page_count": 19,
  "word_count": 8832,
  "char_count": 52147,
  "context_token_count": 12034,
  "chunk_count": 12,
  "used_chunk_fallback": true,
  "generation_seconds": 450.5887930300014,
  "peak_vram_mb": 2131.1123046875,
  "peak_rss_mb": 3679.87109375,
  "chunk_merge_mean_explained_variance": 0.9891610076794257,
  "adapter_dir": "models/d2l/doc7",
  "adapter_file_size_bytes": 9592301,
  "tensor_count": 52
}