{
  "seed": 123,
  "train_time_seconds": 581.8121126330007,
  "peak_train_vram_mb": 6327.72265625
}