{
  "seed": 42,
  "train_time_seconds": 86.8983214309992,
  "peak_train_vram_mb": 4724.7392578125
}