{
  "merge_seconds": 124.90977935899718,
  "rank": 8,
  "mean_explained_variance": 0.9974304437637329,
  "explained_variance": {
    "base_model.model.model.layers.0.mlp.down_proj": 0.999232292175293,
    "base_model.model.model.layers.1.mlp.down_proj": 0.9987112879753113,
    "base_model.model.model.layers.10.mlp.down_proj": 0.9979235529899597,
    "base_model.model.model.layers.11.mlp.down_proj": 0.9976844787597656,
    "base_model.model.model.layers.12.mlp.down_proj": 0.9956176280975342,
    "base_model.model.model.layers.13.mlp.down_proj": 0.9976738095283508,
    "base_model.model.model.layers.14.mlp.down_proj": 0.9970044493675232,
    "base_model.model.model.layers.15.mlp.down_proj": 0.9974058270454407,
    "base_model.model.model.layers.16.mlp.down_proj": 0.9981023073196411,
    "base_model.model.model.layers.17.mlp.down_proj": 0.9981968998908997,
    "base_model.model.model.layers.18.mlp.down_proj": 0.9971060156822205,
    "base_model.model.model.layers.19.mlp.down_proj": 0.9974848031997681,
    "base_model.model.model.layers.2.mlp.down_proj": 0.9977291822433472,
    "base_model.model.model.layers.20.mlp.down_proj": 0.9937524795532227,
    "base_model.model.model.layers.21.mlp.down_proj": 0.9958422780036926,
    "base_model.model.model.layers.22.mlp.down_proj": 0.9979471564292908,
    "base_model.model.model.layers.23.mlp.down_proj": 0.9974337816238403,
    "base_model.model.model.layers.24.mlp.down_proj": 0.9964375495910645,
    "base_model.model.model.layers.25.mlp.down_proj": 0.9953879714012146,
    "base_model.model.model.layers.3.mlp.down_proj": 0.9992890954017639,
    "base_model.model.model.layers.4.mlp.down_proj": 0.9987435936927795,
    "base_model.model.model.layers.5.mlp.down_proj": 0.9975882768630981,
    "base_model.model.model.layers.6.mlp.down_proj": 0.9987261891365051,
    "base_model.model.model.layers.7.mlp.down_proj": 0.9984381794929504,
    "base_model.model.model.layers.8.mlp.down_proj": 0.9971492290496826,
    "base_model.model.model.layers.9.mlp.down_proj": 0.9965832233428955
  },
  "output_dir": "/home/xeliaray/Projects/Term-Paper/models/d2l/monolithic_dw_avg"
}