{
  "seed": 123,
  "train_time_seconds": 1188.3130822540043,
  "peak_train_vram_mb": 6827.89990234375
}