{
  "Q_main": -0.009002079002079055,
  "S_det": 0.013513513513513598,
  "S_asst": -0.06153846153846154,
  "G": -0.07758229121761767
}