{
  "Q_main": 0.2375155925155924,
  "S_det": 0.3986486486486487,
  "S_asst": -0.13846153846153852,
  "G": 0.22637392059107242
}