{
  "mean_jaccard": 0.16666666666666666,
  "per_question": [
    {
      "question_id": "f2366d2d2cc2a2dab585b0c6681b04fcb1af8b46422c4fbe6a9126ae56c6fe8a",
      "jaccard": 0.0,
      "s1_pages": 3,
      "s6_pages": 4
    },
    {
      "question_id": "1d356814de25d5623275b9b1de2113fcebf2002ff4199294cdaaf10641257242",
      "jaccard": 0.3333333333333333,
      "s1_pages": 2,
      "s6_pages": 2
    }
  ]
}